BINDER,BINDER
BILL,BILL
BILL,BILL
BINDER,BINDER
BILL,BILL
BILL,CANCELLATION NOTICE
BILL,CANCELLATION NOTICE
BILL,BILL
BILL,RETURNED CHECK
BILL,CANCELLATION NOTICE
BILL,CANCELLATION NOTICE
BILL,BILL BINDER
BILL,BILL
BILL,RETURNED CHECK
BILL,BILL
BINDER,BINDER
BILL,REINSTATEMENT NOTICE
BILL,POLICY CHANGE
POLICY CHANGE,CHANGE ENDORSEMENT
BILL,BILL
BINDER,BINDER
POLICY CHANGE,POLICY CHANGE
BILL,BILL
BILL,BILL
POLICY CHANGE,POLICY CHANGE
BILL,BILL
BILL,BILL
BILL,BILL
BILL,CANCELLATION NOTICE
BILL,BILL
BILL,DECLARATION
CANCELLATION NOTICE,CANCELLATION NOTICE
BILL,BILL
BILL,BILL
BINDER,BINDER
BINDER,BINDER
BILL,BILL
BILL,DELETION OF INTEREST
BILL,BILL
BILL,REINSTATEMENT NOTICE
BILL,BILL
BILL,BILL
BILL,BINDER
CANCELLATION NOTICE,CANCELLATION NOTICE
BILL,CANCELLATION NOTICE
BINDER,POLICY CHANGE
BILL,CANCELLATION NOTICE
BILL,BILL
BILL,BILL
BILL,BILL
BINDER,BINDER
DELETION OF INTEREST,DELETION OF INTEREST
BILL,BILL
POLICY CHANGE,POLICY CHANGE
BILL,POLICY CHANGE
BILL,CANCELLATION NOTICE
BILL,BILL
POLICY CHANGE,POLICY CHANGE
POLICY CHANGE,POLICY CHANGE
CANCELLATION NOTICE,CANCELLATION NOTICE
BILL,EXPIRATION NOTICE
BILL,POLICY CHANGE
BINDER,BINDER
BILL,POLICY CHANGE
BILL,BILL
DELETION OF INTEREST,DELETION OF INTEREST
BINDER,BINDER
BILL,CANCELLATION NOTICE
BILL,DECLARATION
BILL,POLICY CHANGE
BILL,CANCELLATION NOTICE
BILL,BILL
BILL,CANCELLATION NOTICE
BINDER,BINDER
BILL,BILL
BILL,BILL
BINDER,BINDER
BILL,BILL
BILL,REINSTATEMENT NOTICE
BILL,REINSTATEMENT NOTICE
BILL,BILL
BINDER,BINDER
BILL,REINSTATEMENT NOTICE
BILL,CANCELLATION NOTICE
BILL,BILL
BILL,POLICY CHANGE
BILL,BILL
BILL,REINSTATEMENT NOTICE
CANCELLATION NOTICE,CANCELLATION NOTICE
POLICY CHANGE,POLICY CHANGE
BILL,REINSTATEMENT NOTICE
BILL,APPLICATION
BILL,BILL
BILL,BILL
BINDER,BINDER
BILL,CANCELLATION NOTICE
BILL,CANCELLATION NOTICE
BILL,REINSTATEMENT NOTICE
BILL,DELETION OF INTEREST
POLICY CHANGE,BILL
BILL,POLICY CHANGE
BILL,POLICY CHANGE
BILL,POLICY CHANGE
BILL,POLICY CHANGE
BILL,BILL
BINDER,POLICY CHANGE
BILL,CANCELLATION NOTICE
BILL,BILL
BILL,POLICY CHANGE
BILL,BILL
BILL,BILL
BILL,BILL
DELETION OF INTEREST,DELETION OF INTEREST
BILL,POLICY CHANGE
BILL,REINSTATEMENT NOTICE
BILL,CANCELLATION NOTICE
BILL,REINSTATEMENT NOTICE
BILL,CANCELLATION NOTICE
POLICY CHANGE,POLICY CHANGE
BILL,POLICY CHANGE
BILL,POLICY CHANGE
DELETION OF INTEREST,DELETION OF INTEREST
BILL,BILL
CANCELLATION NOTICE,CANCELLATION NOTICE
BILL,POLICY CHANGE
BILL,BILL
BILL,REINSTATEMENT NOTICE
BINDER,BINDER
POLICY CHANGE,POLICY CHANGE
BILL,BILL
BILL,BILL
BILL,CANCELLATION NOTICE
BILL,BILL
BILL,BILL
CANCELLATION NOTICE,CANCELLATION NOTICE
BILL,POLICY CHANGE
BILL,CANCELLATION NOTICE
BILL,BILL
BILL,BILL
BINDER,BINDER
BILL,BILL
BILL,CANCELLATION NOTICE
BILL,BILL
POLICY CHANGE,POLICY CHANGE
BILL,BILL
BILL,BILL
BILL,CANCELLATION NOTICE
BINDER,BINDER
BILL,CANCELLATION NOTICE
BILL,BILL
BILL,DELETION OF INTEREST
BILL,BINDER
BILL,BILL
BILL,DECLARATION
BILL,DELETION OF INTEREST
POLICY CHANGE,POLICY CHANGE
DELETION OF INTEREST,DELETION OF INTEREST
BILL,REINSTATEMENT NOTICE
BILL,POLICY CHANGE
POLICY CHANGE,POLICY CHANGE
POLICY CHANGE,POLICY CHANGE
BINDER,BINDER
BILL,BINDER
BINDER,BINDER
BINDER,BINDER
BILL,POLICY CHANGE
BINDER,BINDER
BILL,BILL
BILL,BILL
BILL,CANCELLATION NOTICE
BILL,CANCELLATION NOTICE
BILL,BILL
BILL,BILL
POLICY CHANGE,POLICY CHANGE
BILL,BILL
BILL,CANCELLATION NOTICE
BILL,CANCELLATION NOTICE
DELETION OF INTEREST,DELETION OF INTEREST
BINDER,POLICY CHANGE
BILL,CANCELLATION NOTICE
DELETION OF INTEREST,DELETION OF INTEREST
BILL,BILL
BILL,REINSTATEMENT NOTICE
POLICY CHANGE,POLICY CHANGE
BILL,BILL
BILL,REINSTATEMENT NOTICE
BILL,POLICY CHANGE
BILL,POLICY CHANGE
BILL,BILL
BILL,BILL
BILL,POLICY CHANGE
POLICY CHANGE,POLICY CHANGE
BILL,BILL
BILL,BILL
BILL,POLICY CHANGE
BILL,REINSTATEMENT NOTICE
BILL,BILL
BILL,BILL
BINDER,BINDER
BILL,BILL
DELETION OF INTEREST,DELETION OF INTEREST
BINDER,BINDER
BINDER,BINDER
BINDER,BINDER
BILL,REINSTATEMENT NOTICE
BILL,BINDER
BILL,BINDER
BINDER,POLICY CHANGE
BILL,CANCELLATION NOTICE
BILL,BILL
BILL,POLICY CHANGE
BILL,BILL
BILL,DELETION OF INTEREST
BILL,BILL
BILL,BILL
BILL,CANCELLATION NOTICE
BILL,POLICY CHANGE
POLICY CHANGE,POLICY CHANGE
BILL,CANCELLATION NOTICE
BILL,BILL
BILL,BILL
BINDER,BINDER
BILL,POLICY CHANGE
BILL,BILL
BILL,DECLARATION
BILL,BINDER
BILL,BILL
BILL,BILL
BILL,BILL
BILL,POLICY CHANGE
BILL,BILL
BILL,CANCELLATION NOTICE
BINDER,BINDER
BILL,POLICY CHANGE
BILL,BILL
BILL,DELETION OF INTEREST
BILL,BINDER
BILL,BILL
BILL,BILL
BILL,BILL
BILL,BILL
BILL,BILL
BILL,BILL
BILL,POLICY CHANGE
BILL,CANCELLATION NOTICE
DELETION OF INTEREST,DELETION OF INTEREST
CANCELLATION NOTICE,CANCELLATION NOTICE
CANCELLATION NOTICE,CANCELLATION NOTICE
POLICY CHANGE,POLICY CHANGE
BILL,EXPIRATION NOTICE
BILL,REINSTATEMENT NOTICE
BINDER,BINDER
BILL,BILL
POLICY CHANGE,POLICY CHANGE
BILL,BILL
POLICY CHANGE,POLICY CHANGE
BILL,POLICY CHANGE
POLICY CHANGE,CHANGE ENDORSEMENT
BILL,BILL
DELETION OF INTEREST,DELETION OF INTEREST
BILL,BINDER
BILL,BILL
BILL,CANCELLATION NOTICE
BILL,BILL
BILL,BILL
BINDER,BINDER
CANCELLATION NOTICE,CANCELLATION NOTICE
BILL,BILL
BILL,BILL
BILL,BILL
BINDER,BINDER
BILL,DELETION OF INTEREST
POLICY CHANGE,POLICY CHANGE
BILL,BINDER
BILL,BILL
BILL,CANCELLATION NOTICE
BILL,BILL
DELETION OF INTEREST,DELETION OF INTEREST
POLICY CHANGE,POLICY CHANGE
DELETION OF INTEREST,DELETION OF INTEREST
BILL,BILL
BILL,POLICY CHANGE
CANCELLATION NOTICE,CANCELLATION NOTICE
BILL,REINSTATEMENT NOTICE
POLICY CHANGE,POLICY CHANGE
BILL,BILL
DELETION OF INTEREST,DELETION OF INTEREST
BILL,BILL
CANCELLATION NOTICE,CANCELLATION NOTICE
BILL,BILL
BINDER,BINDER
BILL,BILL
BILL,REINSTATEMENT NOTICE
BILL,DECLARATION
DELETION OF INTEREST,DELETION OF INTEREST
POLICY CHANGE,POLICY CHANGE
POLICY CHANGE,POLICY CHANGE
BINDER,BINDER
BINDER,BINDER
DELETION OF INTEREST,DELETION OF INTEREST
BILL,REINSTATEMENT NOTICE
BILL,REINSTATEMENT NOTICE
BILL,BILL
BILL,BILL
POLICY CHANGE,CHANGE ENDORSEMENT
BILL,POLICY CHANGE
DELETION OF INTEREST,DELETION OF INTEREST
POLICY CHANGE,POLICY CHANGE
BILL,BILL
BILL,BILL
BILL,BILL
BILL,BILL
BILL,BILL
DELETION OF INTEREST,DELETION OF INTEREST
BILL,BILL
BINDER,BINDER
BINDER,DECLARATION
BILL,REINSTATEMENT NOTICE
BILL,DELETION OF INTEREST
DELETION OF INTEREST,DELETION OF INTEREST
BILL,BILL
BILL,EXPIRATION NOTICE
DELETION OF INTEREST,DELETION OF INTEREST
BILL,EXPIRATION NOTICE
BILL,BILL
BILL,POLICY CHANGE
BINDER,BINDER
BILL,BILL
BILL,CANCELLATION NOTICE
BILL,CANCELLATION NOTICE
POLICY CHANGE,POLICY CHANGE
BINDER,POLICY CHANGE
POLICY CHANGE,POLICY CHANGE
BILL,CANCELLATION NOTICE
BILL,BINDER
BILL,REINSTATEMENT NOTICE
POLICY CHANGE,CHANGE ENDORSEMENT
BILL,BILL
BILL,BILL
BILL,BILL
BILL,BILL
BINDER,DECLARATION
BILL,BILL
BILL,CANCELLATION NOTICE
BILL,RETURNED CHECK
BILL,REINSTATEMENT NOTICE
BILL,BILL
DELETION OF INTEREST,DELETION OF INTEREST
BILL,CANCELLATION NOTICE
BILL,BILL
DELETION OF INTEREST,DELETION OF INTEREST
BILL,CANCELLATION NOTICE
BILL,EXPIRATION NOTICE
BILL,REINSTATEMENT NOTICE
BILL,NON-RENEWAL NOTICE
BILL,BILL
BILL,BINDER
BILL,BILL
BILL,CANCELLATION NOTICE
BILL,BILL
BILL,BILL
CANCELLATION NOTICE,CANCELLATION NOTICE
BILL,BILL
BILL,POLICY CHANGE
BILL,CANCELLATION NOTICE
BILL,EXPIRATION NOTICE
BILL,BILL
BINDER,BINDER
BILL,BILL
BINDER,BINDER
POLICY CHANGE,POLICY CHANGE
POLICY CHANGE,POLICY CHANGE
BILL,POLICY CHANGE
BILL,DECLARATION
POLICY CHANGE,POLICY CHANGE
BILL,BILL
BILL,BILL
POLICY CHANGE,POLICY CHANGE
BILL,BILL
DELETION OF INTEREST,DELETION OF INTEREST
BILL,CANCELLATION NOTICE
BINDER,BINDER
BILL,REINSTATEMENT NOTICE
BILL,CANCELLATION NOTICE
BILL,NON-RENEWAL NOTICE
BILL,BILL
BILL,RETURNED CHECK
BILL,DECLARATION
BILL,REINSTATEMENT NOTICE
BILL,BINDER
BILL,BILL
BILL,BILL
BILL,REINSTATEMENT NOTICE
BILL,CANCELLATION NOTICE
POLICY CHANGE,POLICY CHANGE
BILL,DELETION OF INTEREST
POLICY CHANGE,POLICY CHANGE
BILL,REINSTATEMENT NOTICE
BILL,BILL
DELETION OF INTEREST,DELETION OF INTEREST
BILL,BILL
POLICY CHANGE,POLICY CHANGE
BILL,BILL
BILL,CANCELLATION NOTICE
BILL,BILL
BILL,BILL
POLICY CHANGE,POLICY CHANGE
BILL,BILL
BILL,BILL
BINDER,BINDER
BINDER,BINDER
DELETION OF INTEREST,DELETION OF INTEREST
BILL,BILL
BILL,BILL
BILL,CANCELLATION NOTICE
BILL,BILL BINDER
BILL,BILL
BILL,BILL
POLICY CHANGE,POLICY CHANGE
BILL,BILL
BILL,BINDER
BILL,REINSTATEMENT NOTICE
POLICY CHANGE,POLICY CHANGE
POLICY CHANGE,POLICY CHANGE
BINDER,BINDER
BILL,DELETION OF INTEREST
BILL,BILL
BILL,BILL
BILL,BINDER
BILL,BILL
BILL,CANCELLATION NOTICE
BILL,BILL
BILL,REINSTATEMENT NOTICE
BILL,CANCELLATION NOTICE
BILL,CANCELLATION NOTICE
BILL,BINDER
DELETION OF INTEREST,DELETION OF INTEREST
BILL,BILL
BILL,CANCELLATION NOTICE
BILL,CANCELLATION NOTICE
BINDER,BINDER
BILL,EXPIRATION NOTICE
POLICY CHANGE,POLICY CHANGE
BILL,BINDER
BILL,BILL
BILL,POLICY CHANGE
BILL,BILL
BILL,DELETION OF INTEREST
BILL,EXPIRATION NOTICE
BILL,POLICY CHANGE
BILL,BILL
BINDER,BINDER
BILL,BILL
BILL,BILL
BILL,BILL
POLICY CHANGE,POLICY CHANGE
BILL,BINDER
BILL,BILL
BILL,POLICY CHANGE
DELETION OF INTEREST,DELETION OF INTEREST
POLICY CHANGE,POLICY CHANGE
BILL,BILL
CANCELLATION NOTICE,CANCELLATION NOTICE
BILL,POLICY CHANGE
BILL,REINSTATEMENT NOTICE
BILL,BILL
BILL,BILL
BINDER,BINDER
DELETION OF INTEREST,DELETION OF INTEREST
BILL,NON-RENEWAL NOTICE
BILL,BILL BINDER
BILL,BINDER
BILL,CANCELLATION NOTICE
BINDER,BINDER
BINDER,DECLARATION
BINDER,BINDER
BILL,APPLICATION
BILL,DELETION OF INTEREST
BINDER,BINDER
BINDER,BINDER
BILL,BILL
BILL,BILL
BILL,NON-RENEWAL NOTICE
BILL,BILL
BILL,CANCELLATION NOTICE
BILL,REINSTATEMENT NOTICE
BILL,REINSTATEMENT NOTICE
BILL,DELETION OF INTEREST
BILL,DELETION OF INTEREST
DELETION OF INTEREST,DELETION OF INTEREST
BILL,BILL
POLICY CHANGE,POLICY CHANGE
BILL,REINSTATEMENT NOTICE
BILL,BILL
BILL,BILL
POLICY CHANGE,POLICY CHANGE
BILL,BILL
BILL,BILL
BILL,CANCELLATION NOTICE
BILL,DECLARATION
BILL,BILL
BILL,CANCELLATION NOTICE
BINDER,BINDER
BILL,POLICY CHANGE
BILL,BINDER
BILL,BILL
BILL,CANCELLATION NOTICE
BINDER,BINDER
BILL,NON-RENEWAL NOTICE
BILL,REINSTATEMENT NOTICE
POLICY CHANGE,POLICY CHANGE
BILL,CANCELLATION NOTICE
POLICY CHANGE,POLICY CHANGE
BILL,EXPIRATION NOTICE
BILL,CANCELLATION NOTICE
CANCELLATION NOTICE,CANCELLATION NOTICE
BILL,REINSTATEMENT NOTICE
BINDER,BINDER
BILL,POLICY CHANGE
BILL,BILL
BILL,REINSTATEMENT NOTICE
POLICY CHANGE,POLICY CHANGE
BILL,BINDER
BINDER,BINDER
BILL,CANCELLATION NOTICE
BILL,POLICY CHANGE
POLICY CHANGE,POLICY CHANGE
BILL,BILL
BILL,BILL
BILL,CANCELLATION NOTICE
BILL,BILL
BILL,CANCELLATION NOTICE
DELETION OF INTEREST,DELETION OF INTEREST
BILL,RETURNED CHECK
BINDER,BINDER
BILL,POLICY CHANGE
BILL,BILL BINDER
BILL,EXPIRATION NOTICE
BILL,DELETION OF INTEREST
BILL,POLICY CHANGE
BINDER,BINDER
BILL,BILL
BILL,POLICY CHANGE
BILL,POLICY CHANGE
BILL,BINDER
BILL,DECLARATION
BILL,BILL
BILL,BILL
BILL,REINSTATEMENT NOTICE
BILL,BILL
BILL,CANCELLATION NOTICE
BILL,CANCELLATION NOTICE
BILL,RETURNED CHECK
BILL,BILL
POLICY CHANGE,CHANGE ENDORSEMENT
BINDER,BINDER
BILL,REINSTATEMENT NOTICE
POLICY CHANGE,POLICY CHANGE
BILL,BILL
BILL,CANCELLATION NOTICE
BILL,POLICY CHANGE
BILL,REINSTATEMENT NOTICE
BILL,RETURNED CHECK
BILL,BILL BINDER
BINDER,BINDER
BINDER,POLICY CHANGE
DELETION OF INTEREST,DELETION OF INTEREST
BILL,BILL
BILL,BILL
BILL,REINSTATEMENT NOTICE
BILL,BILL
BILL,BILL
BILL,POLICY CHANGE
BILL,DELETION OF INTEREST
BINDER,BINDER
DELETION OF INTEREST,DELETION OF INTEREST
BILL,POLICY CHANGE
BILL,BILL
BILL,EXPIRATION NOTICE
DELETION OF INTEREST,DELETION OF INTEREST
BILL,BILL
BILL,REINSTATEMENT NOTICE
POLICY CHANGE,POLICY CHANGE
BILL,BILL
BILL,REINSTATEMENT NOTICE
BILL,CANCELLATION NOTICE
BILL,BILL
BILL,BILL
BINDER,BINDER
BILL,RETURNED CHECK
BILL,CANCELLATION NOTICE
BILL,BILL
DELETION OF INTEREST,DELETION OF INTEREST
BILL,BILL
DELETION OF INTEREST,DELETION OF INTEREST
BILL,BINDER
BILL,POLICY CHANGE
BILL,BILL
BILL,CANCELLATION NOTICE
BINDER,POLICY CHANGE
BILL,CANCELLATION NOTICE
BINDER,BINDER
BILL,CANCELLATION NOTICE
BILL,BILL BINDER
BILL,REINSTATEMENT NOTICE
BILL,BILL
DELETION OF INTEREST,DELETION OF INTEREST
BILL,POLICY CHANGE
BILL,BILL
BILL,BINDER
POLICY CHANGE,POLICY CHANGE
BILL,BINDER
BILL,CANCELLATION NOTICE
BILL,POLICY CHANGE
BILL,DELETION OF INTEREST
BINDER,POLICY CHANGE
BILL,CANCELLATION NOTICE
BILL,REINSTATEMENT NOTICE
BILL,CANCELLATION NOTICE
DELETION OF INTEREST,DELETION OF INTEREST
BILL,CANCELLATION NOTICE
BILL,DELETION OF INTEREST
BILL,BILL
POLICY CHANGE,POLICY CHANGE
BILL,BILL
BILL,BILL
BILL,POLICY CHANGE
BINDER,BINDER
BILL,BILL BINDER
BILL,REINSTATEMENT NOTICE
DELETION OF INTEREST,DELETION OF INTEREST
BILL,BILL
POLICY CHANGE,POLICY CHANGE
BILL,CANCELLATION NOTICE
DELETION OF INTEREST,DELETION OF INTEREST
BILL,APPLICATION
BILL,REINSTATEMENT NOTICE
BILL,DELETION OF INTEREST
BILL,BINDER
BINDER,BINDER
