BILL,DELETION OF INTEREST
BILL,RETURNED CHECK
BILL,BILL
BILL,BILL
BILL,BILL
BILL,POLICY CHANGE
POLICY CHANGE,POLICY CHANGE
BILL,BILL
BILL,CANCELLATION NOTICE
BILL,BILL
BILL,BILL
BILL,POLICY CHANGE
BILL,CANCELLATION NOTICE
BILL,BILL
POLICY CHANGE,POLICY CHANGE
BILL,DECLARATION
BILL,CANCELLATION NOTICE
BILL,POLICY CHANGE
POLICY CHANGE,CHANGE ENDORSEMENT
BILL,NON-RENEWAL NOTICE
BINDER,BINDER
BILL,BINDER
POLICY CHANGE,POLICY CHANGE
BILL,CANCELLATION NOTICE
BINDER,BINDER
BILL,POLICY CHANGE
BILL,CANCELLATION NOTICE
BILL,BILL
BILL,BILL
BILL,REINSTATEMENT NOTICE
BILL,RETURNED CHECK
BILL,BILL
BINDER,BINDER
DELETION OF INTEREST,DELETION OF INTEREST
BILL,POLICY CHANGE
BILL,NON-RENEWAL NOTICE
BINDER,BINDER
BINDER,BINDER
BILL,REINSTATEMENT NOTICE
DELETION OF INTEREST,DELETION OF INTEREST
BILL,BILL
POLICY CHANGE,POLICY CHANGE
BILL,BINDER
CANCELLATION NOTICE,CANCELLATION NOTICE
BILL,BILL
BINDER,POLICY CHANGE
BINDER,BINDER
BILL,BILL
BILL,BILL
BILL,REINSTATEMENT NOTICE
BILL,BILL
BILL,REINSTATEMENT NOTICE
BILL,BINDER
BILL,BILL
BILL,POLICY CHANGE
BILL,RETURNED CHECK
BILL,BILL
POLICY CHANGE,POLICY CHANGE
BILL,CANCELLATION NOTICE
POLICY CHANGE,POLICY CHANGE
BILL,BILL
BILL,BILL
BILL,REINSTATEMENT NOTICE
BILL,BILL
BINDER,BINDER
BILL,CANCELLATION NOTICE
BINDER,BINDER
CANCELLATION NOTICE,CANCELLATION NOTICE
BILL,BINDER
BILL,EXPIRATION NOTICE
DELETION OF INTEREST,DELETION OF INTEREST
BILL,BILL
BILL,BILL
BILL,CANCELLATION NOTICE
BILL,BILL
POLICY CHANGE,POLICY CHANGE
BINDER,BINDER
BILL,NON-RENEWAL NOTICE
BILL,BILL
BINDER,BINDER
BILL,POLICY CHANGE
POLICY CHANGE,POLICY CHANGE
BILL,POLICY CHANGE
BILL,REINSTATEMENT NOTICE
BILL,BILL
BILL,REINSTATEMENT NOTICE
BILL,EXPIRATION NOTICE
BILL,BILL
CANCELLATION NOTICE,CANCELLATION NOTICE
POLICY CHANGE,POLICY CHANGE
BILL,REINSTATEMENT NOTICE
DELETION OF INTEREST,DELETION OF INTEREST
DELETION OF INTEREST,DELETION OF INTEREST
BILL,BILL
BINDER,BINDER
BINDER,BINDER
BILL,BILL
BILL,CANCELLATION NOTICE
BINDER,BINDER
BILL,REINSTATEMENT NOTICE
BILL,BILL
CANCELLATION NOTICE,CANCELLATION NOTICE
BILL,BILL
BILL,BILL
BILL,POLICY CHANGE
POLICY CHANGE,POLICY CHANGE
BILL,CANCELLATION NOTICE
POLICY CHANGE,POLICY CHANGE
CANCELLATION NOTICE,CANCELLATION NOTICE
POLICY CHANGE,POLICY CHANGE
CANCELLATION NOTICE,CANCELLATION NOTICE
BILL,BILL
BILL,BILL
BILL,BILL
BILL,POLICY CHANGE
BINDER,BINDER
BILL,POLICY CHANGE
BILL,BILL
POLICY CHANGE,POLICY CHANGE
BILL,POLICY CHANGE
BILL,RETURNED CHECK
BILL,POLICY CHANGE
BILL,BILL
BILL,BILL
BILL,BILL
BILL,CANCELLATION NOTICE
BINDER,DECLARATION
BILL,BILL
BINDER,BINDER
BILL,REINSTATEMENT NOTICE
BILL,BILL
DELETION OF INTEREST,DELETION OF INTEREST
BILL,DELETION OF INTEREST
BILL,BILL
BILL,BILL
DELETION OF INTEREST,DELETION OF INTEREST
BILL,BILL
BILL,REINSTATEMENT NOTICE
BILL,POLICY CHANGE
BILL,DECLARATION
BILL,BINDER
BILL,BILL
BILL,BILL
BILL,CANCELLATION NOTICE
BILL,CANCELLATION NOTICE
BILL,BILL
BILL,BILL
BINDER,BINDER
BILL,CANCELLATION NOTICE
DELETION OF INTEREST,DELETION OF INTEREST
BILL,BILL
BILL,BINDER
BILL,REINSTATEMENT NOTICE
BILL,BILL
BILL,CANCELLATION NOTICE
BILL,BILL
BILL,POLICY CHANGE
DELETION OF INTEREST,DELETION OF INTEREST
BILL,POLICY CHANGE
BILL,POLICY CHANGE
